lemma,semantic derivation,domain,semantics,PA_root,PIE,IE_cognates,translation,luw,hitt,pal,lyd,lyc_A,lyc_B,car
āḫra-,onomatopoeic (< ai) from an interjection of pain *aH! (cf. Hitt. āi!),distress,pain,*áHreh2- ‘pain’,,,pain; state of painfullness,āḫra-; āḫraman-,āḫra- (CL),ārra- ‘pain (?)’Palaic sound change *-Hr- > -rr-,,,,
ala-,"separate, distant → foreign / alien → hostile → envious",enmity,envy; enmity,*al-o- ‘distant’,"PIE *al-, *ali- → PIE *al-o-, *ali̯-o","ME ellendish ‘foreign’ Lat alius ‘other’, Gk ἄλλος, proclitic adversative conjunction ἀλλά ‘but’, Arm. ayl (o-stem) ‘other, different’ , Ved. arí, aryá-, áraṇa- ‘alien, remote’.","enmity; envious person, covetousness; to become envious, covet, enemy force","/alan(na)-/, á-lá/í-na- ; alanna/i- /aliwann(i)-, alunn(i)-/, ali-wa/i-ní-; /(a)liwannid-/, (VIR2)ali-wa/i-ní-, /alunam(i)-/, (“COR”)á-la/i/u-na-ma-; /alunazza-(i)/, (COR)á-la/i/u-na-za from HL /ala-i/, see alienation; āla/i- ‘distant (?)’; /arla-/, ara/i-la- ‘pedestal, altar (?)’",,, *al(i)- ‘distant (?)’,,,*al- (?)
alalamniya-,haplology: *alala + lamniya- 'call out alala',distress,wail,*h3ór-/h3r-´,,"Arm. alalak 'cry, scream'; Gk ἄλαλά'cry aloud'",to sob loudly; to wail,"(“*476.*311”)a-li-ia- and (“*476”)LOCUS-li-ia- (R.Oreshko); Hieroglyphic Luwian /arla-/, ara/i-la- ‘pedestal, altar (?); CL *ārla(/i)- ‘place (?) /aru-/, á-ru ‘highly, in high measure’","alalamnai-, alalamniya- 'cry (loud), sob'",arū-/araw- ‘high’,ara- ‘estate’,*eru- ‘high’,,*arliš / *arĺiš 
ariya-,"ascent, rise → lifting of the spirit → joy, exaltation",joy,exaltation,*h3r̥-i̯é/ó- ‘to raise’; *h3ór-/h3r-´ ‘to arise’,*h3ér-/*h3r̥-´,"Ved. (prá) ārta ‘began to move’,  OAv. imp. uz-ārǝšuuā ‘move!, head off!’ , Gk. ὦρτο ‘arose, started up’ (?)Toch. B konj. ertär ‘may evoke’, Lat. orīrī ‘to rise, arise’, Umbr. urtu, ortom ‘emerged, arisen’ , OCS rasti, Russ. rastí ‘to grow’, Toch. A ar‑, Toch. B er- ‘to evoke, cause’",exultation (?),"/ariya-exultation /; /ari-(ti)/, PUGNUS-ri+i- ‘to raise’; āri-(ti) ‘to raise, stop, to carry’",ār-/er-(ḫi) ‘ to arrive’; arāi‑/‑i(ya)‑(ḫi),ariye/a- ‘to raise’ ,,"eri-(ti) ‘to raise, stop’; erije-(ti) - to rebel - 2220",,
aršaniya- ,"flow → overwhelming feeling → envy, anger (datsemshift.ru: to overflow → to get angry); flow → worry → irritation → anger → envy ",anger,envy,"*ars-ne/na-, *Hrs-n-h1-",*h1/3rs-ne-h1-ti/ *h1/3rs-n-h1-enti,"Av. arəšiiant- ‘envious’,  Skt. ī́rṣyant- ‘angry’",to envy; irritation and anger from envy,Luw. ar-ši-ma-na-al-li-ya-an ‘belonging to enviers’ ,"aršaniye/a-: aršanē- ‘to envy; be resentful’, LU2aršanattala- ‘envier’",,,,,
āššu-,good → favourable → dear,love,good,"PLuw *(h1)assk̂ā- ‘to love’ → azza-; PA*h1E(h1)s- ‘(to be) good, dear’","*h1ē̆su-, *h1e(h1)su- 'good'","Ved. sú adv. ‘well’ Av. hu- ‘well  OPers. u- well’, Gk. ἐύς adj. ‘good’, OIr. su-, so-, MW hy-, etc. ‘good, well’ Goth. swikns ‘pure, innocent’, ON sykn ‘innocent’ , Lith. sū́drus ‘thick, dense, solid, tight, (dial.) lush, fertile’ , OCS sŭ-dravŭ ‘healthy’, Russ. zdoróvyj","(to be) good, dear, to make good (?), in good faith (?), to make good (?) to cause to embrace (?)","*/ass-/āššu-/āššau-; /assunu(wa)-(i)/, a-su-nu  AMPLECTI-nú- ; HL /azza-/, á-za- /; AMPLECTI- ‘to love’","aššiye/a-/, SIG5-, assiyanu-; aššu-, SIG5-/assiyanu-",,"*as- asfãν , ašνo-(d) ",*ah- - 1312; asa-(ti) - 1309 †ahñta - 1937 asa-(ti) ‘to love’,,
damāšš-,"to press, to apply pressure physically → to press / put pressure on someone psychologically",enmity,oppression,*dmaHs-/*dm̥Hs- '1. to press (physically); 2. to oppress (psychologically)',*dm̥‑né/n‑h2‑,"Gr. ἐδάμασα ‘to tame’, OIr. damnaim ‘to tie up’, Skt. dāmyati ‘to tame’, Lat. domāre ‘to tame’",to oppress,damaš-,tamāšš-/tame/išš- ‘to (op)press’; damešḫai- ; tamas-,,,,,
duddu-,to be or act favorable towards → have mercy,mercy,mercy,*dhu-dheu̯- ‘to have mercy’ ,*dheu̯-,"Vedic dhvasrá- ‘supporter, one who favors’ , Latin faueō, ‘be favorably inclined towards, favor, approve’, Umbr fons ‘favorable’ (*fou̯-ni-). Iran *dauH ‘smear, rub (on)","benevolence, grace; to have mercy on (?)","duddunti, duddumišša; dudummani-",duddu-; duwaddu-,,,,,
dušk- ,"joy, happiness → amusement, entertainment",joy,happiness,*TusK-,*T(e)usK,,"happiness, joy",,"dušk-/tusk-/tuskiya- 'be happy; enjoy; rejoice; amuse, entertain'",,,,,
galank-,milk → poppy milk → drowsy → soothing,comfort,peace,*gl̥(n)ĝ-,*glo-n-ĝh-ei,"Gk. γάλα(κτ)-, γλάγος 'milk', Lat. lac(t)- 'milk', Vedic jálāṣa- 'soothing' , Lith. glẽžnas, ON kløkkr 'slack, tender' ",to calm down,,galank- / kalank-,,,,,
genzu-,internal body part (spleen) → seat of emotions → kindness,mercy,mercy,"?? *ĝenh1-su- (Kloekhorst, Rieken); *ĝems-u-/ĝens-u- (Laroche)",ĝenh1-,"Skt. jani ‘to procreate, Lat. ntus ‘born’, etc.; for the meaning ‘kindness’, cf. Lat. gentilis ‘gentle","kindness, mercy",,genzu-,,,,,
ḫaḫreske-,onomatopoeic: ha-ha,joy,laugh,"onomatopeia emerged possibly on Proto-Anatolian or even Proto-Hittite level, as there are no PIE cognates",,"Lat. hahae, cachinno, Gk. καχάζω, Skt. kakhati Arm. xaxanc, OHG. (huoch) ; Germ. (häher) , (heher) ; Eng. (cackle) Old Church Slavonic chochotati ""laugh,"" Lithuanian klagėti ""to cackle""",смеяться,,hahreške/a-; ḫaḫḫarš-,,,,,
ḫanḫaniya-,"bad → irritated, annoyed",distress,anxiety,*han- (*Hón-/Hn-),,,to be vexed; perturbed,"*/haniya-(i)/ 'malicious, redupl. */hanhaniya-(i)/ ; /haniyatt(a)-/, (“MALUS2”)ha-ní-ia-ta- ; /hanhaniwan-/, (“MALUS2”)ha-ha-ní-wa/i- ; GK ḫanḫaniya- '‘to be malicious’'",,,,,,
"ḫartu-",descendant → beloved,love,dear,*h3ór-/h3r-´ ‘to arise’ OR *h2redh- ‘to emerge’,"*h2r̥dhú, *h2redh- 'to emerge' , (Kloekhorst) *h3er-tu-","Balto-Slavic *rod'īti, Lat. ortus ‘birth’","dear, beloved (?)","/hartuwi(ya)-/, “*187”-tu-wa/i-i-  from hartu- 'descendant'; /hartu-/, (INFANS)ha+ra/i-tu- ‘descendant, clan’","ḫartu- ‘offspring, descendance’",,,,,
ḫatuk-,"to be crazed with fear, to be terrified, to hate → to be terrified → terror → terrifying, fearsome, formidable",fear,terror,*h2tug-,*h2teu̯g-,"Gk. (pres) *ὀδύσσoμαι 'be wroth' (Одиссей) , Lat. odium 'hatred', Arm. ateam 'I hate', OB atol, ON atall 'fierce, terrible","horror; terror, terrified, terrifying",,ḫatuk-,,,,,
ḫurtai-,"to speak with gravity, loudly → to swear → to give a false oath",enmity,curse,"*h2ēru̯o- 'oath', *h1r̥h1-i̯é/ó- ",*h2er-,,curse,"ḫīrūtaniya-(ti) ‘to swear, commit perjury’;  /hirud-/, (“*476”)hi-ru-tà- ‘curse, false oath (?)’; CL ḫīrūn/t- ‘(false) oath’",ḫurtai-; hu(wa)rt-; CL ḫīruta- ‘(false) oath’,,"irdu- ‘oath (?)’ -- hapax, an arrangement that someone can decree for someone else",,,
ḫuwāi-,"take care of a tomb → show respect (to cause to be thriving → to hand over in a thriving state → to hand over reverently, with care)",love,respect,"Yakubovich 2022 (JLR): *χwisr-; or *kʷisr- ‘(welfare, thriving, good state)’ → causative verb *kʷisr-ey(o)- ‘to make thrive, take care (of)’); *PA *traw- ‘to pass, hand over’; (Lydian innovation built on PA pieces): PA compound *kʷisr-traw- ‘to hand over in good/thriving state’ (→ ‘hand over reverently/with care’) ",,,to take care of a tomb = show respect,,"Hitt. ḫuwāi-/ḫuiya- (i) ‘to move’ and HL hwiya- ‘id.’ are formally suitable as cognates of Lyd. *qi-šr (Yakub. 2022, JLR)",,"qišre-(d) ‘to take care (?)’, qištori-  ‘to hand over with care (?)’",,,
idalu-,eat → entrails eaten up → to be bad → to be angry  ,anger,evil,"*edwal (Laroche, HED E-I:493); *h1edu̯ol- ‘evilness’, *h1edu̯o- 'evil' (EDHIL:421)",*h1ed- ‘bite (→ eat)',"Arm. erkn, ‘labour pains’, Gr.ὀδύνη‘pain’ OIr. idu",evil; to anger; angry,"adduwali(ya)-; /attuwal-/, MALUS-la/i-; /attuwalahid-/, MALUS-la/i-hi-tà-; /attuwalastarr(i)-/, MALUS-la/i-sa-tara/i HLuw. átuwa- (n.) ‘evil’ (nom.-acc.sg /atuwan=tsa/ MALUS-wa/i-za- ́ (TELL AHMAR 1 §19, TELL","idālu- ‘evil, bad’, ḪUL ",,?itala- 'evil' (HED E-I:492),,,
ilāliya-,passion → desire,desire,passion,"*ilo-, *ilaH- ‘passion’",,,to have passion,/alunazza-i/ ‘desire’; /alunnamm(a)-/ ‘lust’,"ilāliye/a-(mi) ‘to desire’; ilā- ‘passion, desire (?)’",ila- 'passion'; ilaliya- 'unknown',,,,
impa-,weight → burden → depression,distress,burden,,borrowing indep. into Hit. and Greek,"Gk. ἶπος 'weight, press'","weight, burden, depression",,"(a)impa- 'weight, burden, depression'",,,,,
išḫaḫru-,two options: blood → tears; rain → tears,distress,tear,*sH1aH1ru-,*sE2eu̯-H2-,"Gk. δάκρυ, Lat. lacruma, Olr. dēr, Goth, tagr, OHG zahar), *draḱur (Arm. artawsr), *draḱnu- (OHG trahan), *aḱru (Ved. áśru, Avest. asrū-, Toch. A ākär [pl. A ākrunt, B akrūna], Lith. ašarà",tears; to shed tears,(*476)ASḪA-ḫi-ru-r (R.Oreshko),išḫaḫru- /išḫaḫruwe/a-,,,,,
kappilae-,"J.Puhvel: field (curve line between valleys) → battle field → battle → agression; E.Rieken: UNKNOWN SOURCE → anger, hostility",anger,be agressive; pick a fight,*k̑opi-lo-, *k̑ep-,"ved. śap- ‘to scold, to curse (Eichner); this correlation, however, does not fit Luwian data",to hostile,"kapilali- ""enemy"" (HL); kappilazza- ‘to become hostile’ (CL)","(:)kappilae- ‘to be(come) hostile’, kappilaḫḫ- ‘to begin to fight’, kappilala/i- ‘aggressive’",,,,,
kardimmiya-,Hitt. and PIE heart → be angry; Luw. heart → wish for,anger,feel with the whole heart,*k̑erd-(im-e/o-),"*k̑ḗr, k̑érd-, *k̑r̥d- ","Ved. hŕ̥d- n. ‘heart’, OAv. zərəd- n. ‘heart’, Gk. κῆρ n. ‘heart’, Arm. sirt ‘heart’, Lat. cor, OIr. cride n. ‘heart, middle, love’ Goth. haírto n. ‘heart’; Lith. širdìs Latv. sir̂ds f. ‘heart, courage, wrath’, Pol. serce, TochA kri ‘will’, TochB käryāñ nom. pl. ‘hearts",to be angry,"/zart-/, za+ra/i- ‘heart’ (HL); zārt- ‘heart’ (CL); /zartiya-/, (COR)za+ra/i-ti-ia- ‘wish’ (HL)",kardimmi(ye/a)- be angry,kārti- ‘heart’,,,,
kari-,"desire, impulse → pleasant impulse → joy",mercy,mercy,"For PA, if palatovelars were distinct, PA *ĝor- > *kar-.",*ĝher-/*ĝhor-/*ĝhr-,"Gk. χαίρω ‘I rejoice’ is to χάρις , χαρά ‘grace/joy’, Ved. hā́ryati ‘finds pleasure, delights, likes’, Av. zara- ‘aim, goal(?), Lat. horior ‘to urge on’; OHG ger ‘desirous’, gerōn ‘to desire’",have mercy,,"kari tiya; kariyasha-; kariye/a-, kariyatta-",,,,,
karpi- ,"to grumble, to shout, to make unpleasant noises → to be angry",anger,anger action,,*k̑r̥p-,"Lat. increpāre ‘to shout out, to upbraid’, Skt. kr̥pate ‘to lament’,
Russ. kropotá ‘conflict, fight’ Gk καρπάλιμoς  
",to be angry,"CLuw. zarpa/i- ‘to brush, scrape (?)  CL zarp(i)- ‘one of the evils that befall the head goes back to Meriggi 1957 , ;zarp(i)- ‘(part of the bed)’","karp-, karpiye/a- ‘to be angry’, karpeššant- ‘angry’, karpiwala- ‘beset with anger’, karpi- ‘anger, karpeššant- ‘angry’",,,,,
karūššiya-,be silent → be calm,comfort,peace,,*gwr-éu̯-s-,"Lith. gùrstu 'subside, die down', Toch. A kur-, B kwär- 'become feeble, age', Goth, qaírrus 'gentle', ON kvirr 'quiet, paceful', Arm. aor. koreay 'die out'",to calm,"?/kar(a)i-(di)/, (“SIGNACULUM+*195”)ka-ri+i- ‘to sacrifice’",karuššiya-; karuššiyantili,,? karol(i)- ‘offering (?)’,,,
katkattiya-,"earthquake → shaking, tremor → fear",fear,"fear, tremble",katta- (Hitt.) + reduplication in the meaning of shaking of soil,, ,to tremble,,katkattiya-,,,,,
kattu-,hostility → revenge,enmity,revenge,*k(h2)et ‘hostility (vel sim.)’,*k̑h2et-(e)u-,"Germanic and Celtic *katu- ""fight, quarrel"", which appears in Old Norse hođ ""quarrel"" OIr. cath‘strife, battle’, Gk κοτος .",hostility; to be enemies,"/katt(i)-/, ka-ti-i-; *katt(i)- 'hostility (?)'; kattawatnalla/i- ‘vengeful; plaintiff; revenger’ ","kattu- ‘enmity, strife’; kattuwae-, kattawatar  'to be aggrieved'; katterraḫḫ-",,,,,
kupri-,desire (already in PIE) → plot (out of desire); desire → love,desire,love,"*kéu̯p-/kup- ‘to desire, plot (out of desire)’ ",*keu̯p-,"Vedic kopáyati ‘moves, shakes, agitates’ (RV), Sanskrit (epic) kupyati ‘is excited, agitated, boils with rage, is angry’,Gk. , Κύπρις, -ιδος ‘Cypris (a name of Aphrodite)’, Lat. cupiō, to desire, OIr. ad·cobra ‘desires, wishes’, Goth. hiufan, OE hēofan, OHG hiofan, hioban), OE hēof, hēaf ‘grief, sorrow’, ON hjúfra ‘to wail, weep’. Toch. B kāwā- ‘desire, crave’, kāwo, obl. kāwa ‘desire’; Toch. A kāpā- ‘well up, be greedy’Toch. B kāwo",to desire,"(GK) kup- ‘to plot, scheme’; kupiyat(i)-;
kupiyatalla/i-, kukupalatar; †kupiyatar","kup- 'plan, premeditate, scheme, plot, conspire, practise deceit', kup(i)yati- (c.) 'premeditation, scheme, plot', kupiyatalli- 'scheming, plotting, conspiring', kukupalalar (n.) 'advance plotting, malice aforethought, premeditated deceit' kupiškezzi?",,*kup- ‘to desire’,,"*kup- ‘to desire’ kupri-(ti) ‘to love, choose kuprime- ‘chosen (sacrifice",
kurkuriya-,a ball (made from a cut-off piece?) → a scarecrow → to be afraid — development within the Hittite language,fear,"fear, tremble",PHitt. ku̯er-/kur 'cut' (Hitt.) OR onomatopeia with reduplication,,The similar metaphor: Arm.kosfkocjel- 'smash',to scare,,kurkuriye-,,,,,
kurur-,to be savage → to rage → to be hostile ,enmity,hostile,kūr,*ĝhuh1r-ur-,"Ved. hvarate 'deviate', Avest. zurah- 'iniquity'",hostile  ,,"kūrur- (n.) ‘enmity, hostility, war(fare)’, kūrura- (c.) ‘enemy’:",,,,,
kuwaya-,"[two → to doubt, to be of two minds] → to be surprised, to be frightened, fear → to be afraid",fear,"fear, reverence","PLuw. *du̯ai̯a- ‘to fear’; PA*du̯ói̯-/du̯i-´ ‘to fear’, with the transition  *dw- > *tw- > kw- ","*du̯ei̯- ‘to get frightened, fear’ ","OAv. duuaēθā- . ‘threat; Gk. , δεινός  ‘fearful, terrible, monstrous’, also ‘awesome, strong, extraordinary’ δειλός δεῖμα n. ‘fear’ , Δεῖμος m. ‘Fear’ (personified, Il.), δέος n. ‘fear, alarm, affright’ Arm. erkea-/erki- aor. midd. ‘to be afraid’","to fear, revere; respect; frightened; to worry, to be concerned","CL duwayā-(i) ‘to fear, revere’; /kwaya-(i)/, kwa/i-i(a)-; kuwayanta-; kuwayant(i)-; /kwayada-/, kwa/i-ia-ta-; kuwayata-(i)/kwissa-(i)/, kwa/i-sà-; /kwissant(i)-/, hwa/i-sà-ta-; GK kuwayamma/i- ‘fearful’","k(u)waya-; kuwaya-, k(u)wayata- (CL)",,,,,
laḫlaḫḫiya-,"noisy agitation in men and birds or animals (onomatopoeic) → fluster and fuss → nervousness, anxiety",distress,anxiety,*lalh-,*leh2-,,to be anxious,"/lalhiliya-/, la+ra/i-hi-ri+i-ia-",laḫlaḫḫiya- (v.); laḫlaḫḫa- (n.) ,,,,,
law-,"to admire, to be in raptures, to revere → respect",love,respect,"PLuw *lau̯- ‘to show reverence, honor (?)’",*lau̯-,"Lat. laus, laudis ‘praise’ laudāre ‘to praise, speak well of; to name’ OIr. lúaidid ‘to celebrate, mention’
PGerm. *leu̯þa- ‘song’, cf. Goth. compound awi‑liuþ n. ‘acknowledgements’, ON ljóð ‘stanza of a song’, OE lēođ ‘song, poem’, OHG liod ‘song, praise’
","to show reverence, respect (?)",,,,lawa-(d)  ti[be (3–4 знака)]; lo-(d) ‘to honor (?)’; *láu̯-tori > Lyd. lodaλ,"*law- ‘to show reverence, honor (?)’",,
lēlaniya-,"go up the stairs → escalate, get tension up → be angry",anger,anger,*ila(n)- + reduplication,,Gk. ελαω- 'drive; harass,to anger,,lēlaniya-,,,,,
lila-,"to let go, to release → to relax → to calm, to soothe",comfort,peace,"PLuw lí-lEH-eh2- ‘pacification, soothing’","*leh1- ‘to diminish, permit, let'","Latin lētum n. ‘death’ lēnis ‘soft, mild, easy, calm, moderate’, PG. *lēwijana- ‘to betray, deliver’. Lith. liáuti (liáuja/-na, lióvė) ‘to cease; to stop sinning; to repent’, Latvian ļaũt ‘allow, permit; grant freedom of action’, lȩ̄̀ns ‘slow, calm, gentle, mild Old Prussian aulāut ‘to die’; Proto-Slavic *lě̑nъ ‘lazy, slow’ (Old Church Slavonic lěnъ, ; Albanian lë ‘to let, leave (behind), allow, quit’",to appease,"(CL) līla- ‘pacification(?), soothing(?)’",lela(e)-; lilaresk-; lila- (CL),,,,,
lumpašti-,"to tear (one’s clothes, in a mourning ritual) → to grieve",distress,sorrow,*lup-,*leu̯p-,"Skt. lumpati 'break, plunder', lopayati 'wound', Lith. laupyti 'strip, rob' and OCS lupiti","regret, sorrow, grief",lumpašti- (CL),lumpašti- (CL),,,,,
luriyaḫ-,loss → betrayal → humiliation,enmity,oppression,,"*léh1u-ri-s, *léh1u-ri-m, *lh1u-réi-s ?","Goth. lewjan ‘to betray’, Lith. liáutis ‘to stop’, Ukr. livýty ‘to omit, to neglect’",humiliation,,"luriyaḫ- 'to humilate, embarrass'",,,,,
markia-,"to hurt, to damage → to disapprove of",enmity,disapproval,*mork-iye/o- 'hurt',*mork-iye/o- 'hurt',Lat. murcus ‘mutilated’. Skt. marcáyati < *morkéyeti 'make hurt' ,to disapprove,,markie/a-zi,,,,,
markištae-,surprise,fear,surprise,*m(e/o)rḱ-es-to- ,*merḱ- Rieken (1999a: 224),"Skt. marś- ‘to touch, to handle, Lat. mulceō ‘to brush, to stroke ( PIE *melḱ)-,",surprise,,"markištae-, markištaḫḫ-",,,,,
milit-,"honey → sweet → dear, beloved",comfort,honey-sweet,*melit- ‘honey’,*melit,"Gk. μέλι ‘honey’; Lat. mel; Arm. mełr, OIr. mil ‘honey’, OW, MW mel; Goth. miliþ, OE. mildēaw, meledēaw ‘honeydew’, OS milidou OHG militou, Alb. mjaltë ‘honey’",honey; sweet,"(HL) */mallid-/ ‘honey’; /mallidi-(ti)/ '(pass.) provided with honey, (metaphorical) very attractive (vel sim.)', ma-li-ri-i-mi-; maliddu; (CL) mallit- ‘honey’ (Čop's Law)",militess-; milit(t)- ‘honey’,*malit- ‘honey’,,mlttaime/i- honey-sweet’3116; *mltt- ‘honey’,,
mimma-,to think → to regard with favor,mercy,,*mnā-,*mnéh2‑/*mn̥h2‑´ ‘to think of’,"Ved.  ā-mnāta- ‘mentioned, cited’, Gk. μιμνήσκω ‘think of, commemorate, take care of, remember, remind’, μνάομαι ‘to be mindful of; to woo, court, win’","to regard, to look upon with favor",,"mimma- ‘to regard, to look upon with favor, manā- ‘to see, look upon",,,,,
miya-,"to grow, ripen → (resultative) grown, ripe → soft, sweet → soft, gentle, pleasant (easy)",mercy,kindness,*mih1‑Éu̯‑/‑u‑´ ‘soft’,*mei̯h1-,"Lat. mītis ‘sweet and juicy (of fruit), soft (of material), gentle’; OIr. moith, maeth, moeth ‘soft, tender, yielding; BSl. *m(e)iHró- ‘peace’, cf. OLith. mieras, Latv. miêrs ‘peace’; Alb. mírë ‘good","gentle, mild,  to regard well, favor",mīyawa/i-;  mīlušga/i; CL *mī- ‘soft’,"miyu-/-aw- ‘gentle, mild’; mi-u2-mar, miye-/miu- 'soft as a butter'; mīnu- ‘to soften’; mi-nu-mar 'words of  mercy'",,"*mi- ‘soft’, derivative *miwa- ‘soft’",,,
mlu-,"to speak → to care for, to take care of",love,care,malu,*mleu̯h2- (verbum dicendi) > *ml̥u̯h₂-,,to take care of,"HL. malwa/, ma-lu-wa/i ‘(unknown)’??",malаi- ??,,,mlu-; mluhidaza- ‘(a title)’; mlu- ‘to take care of’,,
naḫḫ-,"to turn one’s back → to be afraid, to be frightened",fear,"fear, reverence",*nóh2-/nh2(-u)-,*neh2-,"Gk. νῷτον ‘back’,  Lat. natis ‘buttocks’",to fear; fear; terror; terrified; to be of concern; fearsome,"/nahhassa-(i)/, (COR)na-ha-sa5-; /nahh(i)-/, (“COR”)na-hi-; /nahhutt(i)-/, na-hu-ti-; */nahh(uw)a-(i)/; naḫḫuwašša/i- ","nāḫ-/naḫḫ-(i)- 'to fear' , HUS; naḫḫuwa- 'anxiety' (Luw.) našaratt- (c.) ‘fear,",naḫḫir,,,,
nakki-,"to weigh a lot, to be heavy (physically) → to carry weight (figuratively) → to be important (shift: heavy burden → heavy → important); weight, heaviness → strength → power, influence → importance → respect, esteem, attentiveness, love",distress / respect,anxiety,*nakki- (from Instr.) ,"*h1nek̑-, *h1nok̑-","Gk. ἐνεγκ-ε/ο-, ἐνήνοχα, carry,  Lith. naštà  'weight, burden'","to trouble, worry; to weigh on someone; to be difficult; honoured, revered; hence valuable, important; to treat with respect, show respect",,"nakkiyaḫḫ-; nakki- 'important'; nakkiyaḫḫ-, nakki-: nakkušatar, nakkušann-; nakkiya-; nakkešš- (together with a synonym dassu- can be written DUGUD)",,,,,
nū-,"to desire → to ask for → to receive → consent, favour",comfort,obedience,*nu- (tentative),*neu̯d- ‘to use’ or *neu̯dh- ‘to desire’ ?,"Goth. niutan 'catch, gain; enjoy', ON njóta 'use, enjoy', Lith. naudá 'gain, profit'",obedience; contentment,nū(t)-; ,"nū-n (nū-s, nū-t)",,,,,
pašku-,"to push away → forsake, abandon → neglect → be unfriendly",enmity,hostile,*paskw-,ph2eu̯- ‘little’,"Lat. paucus, Gr. παῦρος ‘little’ ",aloofness; unfriendliness,puškantatar; puškant(i)-; HL paskw- ‘to neglect’; pa-sà-REL-i (/paskwi/) ‘neglects’,"puškant(i)- ‘aloof (?), unfriendly (?); ’paškuwae-, pašku- (ант  (ḫuišnu-) 'aloofness'; V pašku- ‘to reject, to ignore; to neglect; to remove’ (EDHIL 651-652); V pasku(wai)- ‘abandon, forsake, dismiss, disown, discharge’ (HED Pa:190-192)",,,,,
pittuliya-,"to spread out → to spread out one's arms → to hug → to intertwine → a loop, to tighten (physically) → metaphorical shift → a difficult state, depression, feeling of being constrained by circumstances → (physical, in the body) restlessness → fear",fear,"fear, tenseness; anxiety",*peth2-ul-,*peth2- ‘to spread out,"Goth. faþa ‘fence, Slav. petъlja loop",fear of a body; anxiety,,pittuliya-,,,,,
priya-,"voluntarily (of one’s own free will) → generously → pleasantly, agreeably",mercy,generosity,*prei̯-,*prei̯H- ‘to be friendly’,"Russ. priyatny pleasant , ved. priyás ""dear"", рríуаtē ""satisfied"" rīṇāti ""please"", avest. frya ""dear"", frīnāiti ""to love"", goth. frijôn ""to love"",frijônds ""friend"" germ. freien ""to woo"", Gk. Πρᾶος gentle"", latv priêks ""joy"" ","to be nice, generous, of one’s free will, willing(ly)",,,,,,"prija-(ti) ‘to be nice, generous (vel sim.)’ , prijeli(je)-  2643 - hapax,  prijẽli",
pukk-,to hate (basic verb) → to despise,enmity,hate,"*Peu̯KH- ‘to hate, to despise’",*bheu̯-g,"Gk. φεύγω, Lat. fugiō ‘flee’ ",to hate; to despise; hateful,,"pukk-/ pugga- '‘to be hateful, to  be repulsive'",,,,puke-(ti) ‘to hate’,
šāe-,be sick → be in anger ,anger,anger,*sā,*seh2i-,"Lat. saevus ‘wild, furious, ferocious’, Goth. sair, OHG sēr ‘pain’. Gk aἰ-aνήs- печальный, Lith. saiz̃ùs 'harsh, rough'",to be angry,,"šā(i/e)-, šānt-, šā(u)war Neumann: ?šā(i)- ‘to become sullen, to be angry’; Melchert: ?",,,,,
šallakartae-,heart → big heart → arrogant,enmity,arrogance,*šalli-/šallai- ‘big’ + *ker/kard(i)- ‘heart *sl̥H-éi̯-/*solH-i-/oi/*sélH-i-,," Gk. ὅλος ‘whole, entire, complete’, ved. sárva- ‘whole, entire, all, every’",arrogant, šalḫa(/i)- ‘great’,"šallakartae- ‘to be arrogant, presumptuous’",,,*hle/i- ‘great,*hle/i- ‘great,
šanna-,"attractive ← excellent ← outstanding ← standing apart, cf. Fr. adv. à part ‘to one side, separate, aside’ → ModE adv. apart ‘id.’ vs. ModHG adv. or adj. apart ‘unusual, elegant, attractive’",love,good,*sEn(H)- ‘good (vel sim.)’,*sn̥ ‘apart; without’,"Ved. sanutár ‘apart’ OAv. hanarǝ ‘without’ , Gk. ἄνευ ‘without’ Lat. sine ‘without’ PCelt. *sani‑, cf. OIr. sain ‘different’, OW han ‘ different; Goth. sundro ‘alone, apart’, ON sundr ‘asunder’, OE sundor ‘alone, apart’, OHG suntar ‘remote, separate, etc., TochA sne, TochB snai ‘without’",good; to become good; goodness,"san(n)awi, sa-na-wa; san(n)awiya-, sa-na-wa/i-ia-; san(n)awistarr(i)-, sa-na-wa/i-sa-tara/i-; san(n)awizza(/i)-?, sa-na-wa/i-za-",šanezzi- ‘excellent’; best,,sana- ‘(unknown)’,,,
šark-,"high → eminent, powerful → arrogant",enmity,revenge,*serk-,*serk‑,"TochB särk- ‘to be better than’, Lat. sarcio ‘to patch up, to mend'","vengeful, something negative, angry","šarkiwal(i), šarkatt-;  CL *šark-","šark-/šarkiwalli- 'eminent, illustrious, powerful'",,,,,
šišarliya-,"upwards → upper → chief, principal → to respect → to revere → to offer sacrifices;
upwards → upper → chief, principal → to respect → to praise",love,respect,"*sḗr, séri  ‘up(on), on top of",*sr̥-li-,Skt. širas 'top',to offer (in sacrifice); to honour; worshipper (?),"/sasarla-(i)/, (“LIBARE”)sa-sa5+ra/i-la-; /sisarli(ya)-/, si-sà+ra/i-li ‘to offer (in sacrifice); to honour’; (HL) /sarri/ ‘up, above’, CL šarri ‘up, above’; HL /sarra/, SUPER+ra/i-a ‘over’; CL šarra ‘up(on), above’; (HL) /sarla/i-/, SUPER+ra/i-li- ‘high, (sbst.) chief’; (CL) šarla/i- ‘supreme’ /sisarli(ya)-/, si-sà+ra/i-li- ‘worshipper, sarl(a)i-(di)/ ‘to offer","šēr ‘up(on), on top of","šer ‘up, over’","*šar- ‘up’;  šarištros(i)- ‘(divine epithet)šerl(i)- ‘supervising authority, chief’; šarloki-(d) ‘to be in charge (?)","hri ‘up, on (top)’; hrzze/i- ‘upper’ (top)’, hrppi ‘on (prev.), for (prep.)’"," *zri ‘up, on (top)","*šar, *šr ‘up, above’"
šulliya-,get swallen → be angry,anger,anger,,*su̯elH-to swell,"Norv. svella to swell, Eng. swell. Lat. īnsolēscō",to be angry; arrogant,,"šulle-; šullai-,  šullēzi ‘to be arrogant’; šullatar, šullann- (n.) with the meaning; ‘a swelling state’ (in figurative meaning), ‘unjustifiable arrogance’ ",,,,,
takš-,"right → oath; right → peaceful, positive → unite, reconcile",comfort,peace,PLyd Téks-os-to- or -ti-,"*dék̑s right’, PIE *dek̑- ‘to accept, perceive'","Ved. dákṣa- ‘able, fit’ , YAv. dašina- ‘on the right, southern’ Gk. δεξίτερος ‘on the right’ Lat. dexter ‘on the right’, Umbr. acc. sg. f. destram=e, etc., Osc. destrst ‘on the right’, Goth. taíhswa ‘on the right’, OHG zeso, zesawer ‘id.’ Lith. dẽšinas ‘on the right’, OCS desnŭ ‘on the right’, etc. Alb. *djathë, djathtë ‘on the right’",right; to unite; to reconcile,,"takš-(mi) ‘to unite, reconcile’; takšul- 'peace'",,tesast(i)-, tese- n. ‘oath’ ,,
talliya-,"to speak → to speak with the gods → to invoke, call upon the gods;
to speak → to speak something good → good, pleasant (words)",comfort,peace,*doll-,"*delH-e/o- ~ *dolH-e/o- (for Hittite specifically, *dolH-e/o- is plausible if you want an o-grade source",,"to pray; calm (?), pacify (?); be pleasant",,talliya- 'invoke'; talli- ‘pleasant(?)’; tallišš- ‘to be pleasant(?)’ (see s.v. talli-); talleškeddu -,,,,,
tātariya- ,to speak → to curse,enmity,curse,*tér‑/*tr̥- to speak’ (for the verbs with the meaning of cursing -- reduplication),*ter- 'to speak',"Skt. tārá- ‘loud, shrill, pervasive’, τορός ‘loud, shrill, clear; fast, agile’ OIr. torm ‘sound, tumult’, Lith. tariù, tarýti ‘to speak, say’, OPr. tattrātwei ‘to answer’, TochB m‑part. tärraskemane ‘pleading, imploring’ or ‘comforting, soothing’ (hapax)",to curse,"tātariyamman- ‘curse’; /*tadariya-(i)/ 'to curse'; HL /tadariya-(i)/, (LOQUI)tá-tara/i-ia- ‘to curse’; CL *tatariya-(i) ‘to curse’",tē-/tar-(mi) ‘to speak’,dar- ‘to speak(?)’,,dderije-(ti) ‘to curse (?)’,,
tekri-,express praise or blame → shame,enmity,shame,*do/ei̯ḱ-ri-,*dei̯ḱ-,NPhryg. (-)τετικμενος; PGmc. *teihan ‘to accuse’,"condemnation, shame",,"tekri ‘derogation, condemnation’",,,,,
tepnu-,to despise ← to diminish → small,enmity,oppression,*tep-,*dhébh-u-,"Skt. dabhrá- ‘little, small, deficient’, dabhnóti ‘to deceive, to hurt’, GAv. dəbənao- ‘to deceive’",to diminish; to despise,"tāpa/i- ‘bad, shoddy, of minor value (?)’, (cf. Hitt. tēpu- ‘small’ for a possible etymological connection assumed here); tapašša- ‘illness (?)’, taparu- 'humiliation'",tepnu-; tepawesk- 'humiliate'; tēpu-/tēpau̯- 'small',,,,,
tiwataniya-,god → Sun-god (Tiwat) → to call Tiwat (the Sun-god) as witness → swear → curse,enmity,curse,*di̯éu̯-/diu̯-´ ‘god’,*di̯éu̯‑/*diu̯‑´*dheu̯-,"Ved. dyáv-, div-´ ‘heaven, day; god of heaven, father heaven’ Gk. (Hom.). Ζεύς m. god name, Arm. tiw ‘day’,, Lat. Iuppiter, Iouis OIr. die,. ‘day’, OW did  ‘day’","to swear, curse; swearing, cursing",tiwataniya-(ti); tiwataniya-; tiwataniyama-; tiwataniye/a-(mi); tiwatani-(ti) */tiw-/ ‘deity’,šiu(n)- c. ‘god’,*tiu(n)- ‘god’,ciw- ‘god’,,ziwi ‘divinity (vel sim.)’,
un-,"to honour → to hold dear, to cherish → to love",love,love,,"*u̯enH- ‘liebgewinnen’, *u̯en- ‘überwältigen","Ved van- ‘to love; to honour, worship","loving, beloved",, ,,,,,*ynem < *un-
wai-,onomatopoeic (wow! oi-wei! ← wai-),distress,wail,*u̯āi̯-! ‘woe’ ,*u̯āi̯-! ,"Av., Gk., Lat., Celt., Germ., Balt., Alb.) attest an interjection PIE *u̯ai̯!, which expresses pain, sorrow, grief, etc., thus ‘alas!’",to wail; to scream; to yell,"/wai-/, wa/i-i; waḫra-, waḫri-(ti); wiwai-; (GK) uwai- ‘to make someone feel sorry for oneself’; (CL) (u)wāi- ‘woe’ uwai-to make someone feel sorry for oneself",wai-/we-/wesk-/wiya-; waḫra- (CL); wiyai-; (u)wāi- ‘woe’,,,,,
waršiya-,drop → humidity → steam → smell → pleasant smell → pleasant → soothing,comfort,appeasement,*h1u̯ors -(o-),"*h1u̯érs-s, *h1u̯érs-m̥, *h1u̯r̥s-ós","Skt. varṣá- ‘rain, Gr. ἐέρση ‘dew’",to appease,aršulāi-zi ‘to appease (with pleasant aroma) (or sim.?)’,"(GK) arsulai-; a similar verb *waršulāi-zi ‘appease’ (or sim.); waršula- ‘drop, humidity’, which is also attested with a secondary meaning ‘pleasant (appeasing) aroma’; warsiya- to appease  warsul- “calming” from wars(iya)- “to be satisfied”; a denominative warsulai- “to satisfy, set at ease”; waršiyatar (c.) ‘reconciliation(?)’: warša- (c.) ‘fog, mist’: ",,,,,
wašt-,"to leave, abandon → defiecient → defective → not right → sin",enmity,offence,*u̯eh2š-dē- (assimilation is possible h-s > ss?) ,*h1u̯eh2-š-dheh1,"Ved. ūná- ‘wanting, deficient, defective’, Av. ūnā- ‘deficient (offering)’, Arm. ownayn ‘empty’, Lat. vānus ‘empty’, Proto-Germ. *wanaz ‘deficient, lacking (in)’ (Goth. wans, ON vanr, OHG wan)","sin, failure; offense; sinful, offensive (deed)",wašku(i)-; waškui(t)-; wašku(wa)llimma/i; waškuwan-; wašt(a)-,"waštul- (var. uštul-) wašta-/wašt-(ḫi) ‘to sin, offend’; wašku(i); waštul- /waštanu-",,,,,
wāšu-,good → pleasant → dear,love,dear,"*u̯ósu-/u̯ésu- ‘good’; *u̯és-o/to- ‘to be pleasant, favored’",*h1u̯es- is ‘to become/be good’,,"to be dear; good, well; wellness, pleasentness (vel sim.)","/wass-/, (BONUS)wa/i-sa- ‘to be dear, be respectful’; wašš- ‘to be dear’, derivative - wašumman; wāšu- ‘good’; GK wašš- or waššā- ‘to be pleasant; favoured’, /wasu-/ ‘good, dear’",,"wāšu- ‘good, well, nicely’; *waš- ‘to be dear’","wisw(i)- ‘pious, holy’; *wes-/wis- ‘to be dear’, wesfa- wisw(i)-  niwisw(i)-  pious, holy, inholy, impious",,*wes- ‘to be dear’,
wēkk-,"wish → demand, ask for",desire,desire,"*u̯ek̑(-i̯e/o)- ‘to request, wish’",*u̯ek̑-,"Ved. vaś- ‘to wish, want’ ( Av. vas- ‘to wish’ Gk. ptc. ἑκών ‘readily, wittingly,",to wish; to request,"*/wazz-; wazz(a)i-(di)(?)/, (“*69”)wa/i-zi-; /wazza-/, (“*69”)wa/i-za-; wazzaimma/i-; wazzi-(ti) ","wēkk-/wek-(mi) ‘to request, wish; to ask for’; wewak 'repeatedly demand' (= Ved. vavaś); wesk, uekuwar 'demand' (abl. old heterocl. wekuwarraz ← *-wer/-wen",,,"*wezz- , wezzeime/i- ",,
werite-,"*u̯er-eh1- 'notice, attention' + *deh1- 'put' → to focus attention (on something) → to be wary of something → to be afraid of something (→ “to frighten, to scare”)",fear,"fear, horror",*u̯er-eh1- + suffix *deh1-,*u̯(e)rh1-i- + *dheh1- ,"Lat. vereor ‘show respect, OIr. cóir, coair ‘proper, just’, Wel. cyweir ‘prepared’ < Proto-Celt. *ko(m)-wari-; Goth. wars (hapax legomena), OIsl. varr, OEng. wœr- ‘accurate, attentive’ (Proto-Germ. *wara-), Goth. warei ‘sly’, OEng. waru, OHGerm. wara ‘attention’.",fright,,werite-/warite-; uritema-,,,,,
zammurāi-,to cover oneself → to feel shame,enmity,shame,,"*(s)k̑em- ‘to cover, to conceal (oneself)’","OE sc(e)amu ‘shame; disgrace’, OHG scama, German Scham, English shame","to be disgraced, to feel shame",(*)zammurā- ‘insult’,"zammurāi-, (GK)zammurai- (n.), (GK)zammuratt(i)- (c.), zammurinu- 'to cause to be humiliated'",,,,,
zartiya-,Hitt. and PIE heart → be angry; Luw. heart → wish for,desire,desire,"*k̑ḗr, k̑érd-, *k̑r̥d- ‘heart’","*k̑ēr, *k̑r̥d","Ved. hŕ̥d- n. ‘heart’  OAv. zərəd- n. ‘heart’ Gk. κῆρ n. ‘heart’, Arm. sirt ‘heart’ Lat. cor, OIr. cride n. ‘heart, middle, love’ Goth. haírto n. ‘heart’,; Lith. širdìs Latv. sir̂ds f. ‘heart, courage, wrath’, Pol. serce TochA kri ‘will’, TochB käryāñ nom. pl. ‘hearts’",to wish; to contrive,"/zarti-(ti)/, (COR)za+ra/i-ti-; zartiya-/wish, (COR)za+ra/i-ti-ia- ", ,kārti- ‘heart’,,,,